[{"id": 1, "productCategories": "Category1", "icon": "/product_type_icon/829018.jpg", "image": "/product_type/829018.jpg", "position": 1, "is_active": true}, {"id": 2, "productCategories": "Category2", "icon": "/product_type_icon/829018_7dLcx3w.jpg", "image": "/product_type/829018_XVoMENw.jpg", "position": 2, "is_active": true}, {"id": 3, "productCategories": "Category3", "icon": "/product_type_icon/829018_8an0UNo.jpg", "image": "/product_type/829018_VvMhH7m.jpg", "position": 3, "is_active": true}]